Start date;End date;Germany/Luxembourg [€/MWh] Calculated resolutions;∅ DE/LU neighbours [€/MWh] Calculated resolutions;Belgium [€/MWh] Calculated resolutions;Denmark 1 [€/MWh] Calculated resolutions;Denmark 2 [€/MWh] Calculated resolutions;France [€/MWh] Calculated resolutions;Netherlands [€/MWh] Calculated resolutions;Norway 2 [€/MWh] Calculated resolutions;Austria [€/MWh] Calculated resolutions;Poland [€/MWh] Calculated resolutions;Sweden 4 [€/MWh] Calculated resolutions;Switzerland [€/MWh] Calculated resolutions;Czech Republic [€/MWh] Calculated resolutions;DE/AT/LU [€/MWh] Calculated resolutions;Northern Italy [€/MWh] Calculated resolutions;Slovenia [€/MWh] Calculated resolutions;Hungary [€/MWh] Calculated resolutions
Nov 20, 2025 12:00 AM;Nov 20, 2025 1:00 AM;90.63;92.89;88.93;90.63;91.24;83.53;89.61;90.83;91.13;107.05;91.06;106.99;90.85;-;110.00;91.21;91.02
Nov 20, 2025 1:00 AM;Nov 20, 2025 2:00 AM;88.09;89.62;85.12;88.09;88.09;75.74;86.24;85.58;88.98;107.15;87.25;105.10;88.48;-;105.52;89.11;88.78
Nov 20, 2025 2:00 AM;Nov 20, 2025 3:00 AM;87.03;88.02;84.03;87.03;87.03;74.18;85.23;84.47;87.93;101.63;84.88;104.42;87.43;-;105.71;88.08;87.75
Nov 20, 2025 3:00 AM;Nov 20, 2025 4:00 AM;86.80;87.71;83.39;86.80;86.80;72.42;84.80;84.28;87.80;102.82;84.54;103.91;87.23;-;105.60;87.95;87.57
Nov 20, 2025 4:00 AM;Nov 20, 2025 5:00 AM;87.13;88.15;83.79;86.95;86.95;72.87;85.22;84.43;88.16;104.80;84.70;104.15;87.59;-;105.57;88.32;87.95
Nov 20, 2025 5:00 AM;Nov 20, 2025 6:00 AM;90.50;93.84;88.58;90.12;90.12;83.54;89.06;87.30;103.49;110.12;89.37;106.12;94.45;-;105.73;100.96;101.97
Nov 20, 2025 6:00 AM;Nov 20, 2025 7:00 AM;103.68;109.41;96.56;103.06;103.54;94.70;100.10;100.27;140.92;117.28;103.09;124.70;119.30;-;125.00;131.58;133.18
Nov 20, 2025 7:00 AM;Nov 20, 2025 8:00 AM;144.41;138.30;121.26;144.07;144.41;106.43;138.73;139.92;149.41;152.51;144.41;133.35;146.83;-;140.69;145.95;149.03
Nov 20, 2025 8:00 AM;Nov 20, 2025 9:00 AM;155.72;147.65;132.54;155.41;156.23;117.27;150.27;150.85;154.92;156.23;156.23;139.09;155.06;-;150.78;153.83;157.75
Nov 20, 2025 9:00 AM;Nov 20, 2025 10:00 AM;153.66;145.48;133.44;153.16;153.14;120.00;148.85;148.86;153.10;152.56;153.14;131.21;152.80;-;151.50;151.50;154.30
Nov 20, 2025 10:00 AM;Nov 20, 2025 11:00 AM;141.27;135.51;132.08;140.89;141.93;102.52;136.20;136.85;147.86;142.52;141.93;125.03;142.76;-;150.00;147.49;146.85
Nov 20, 2025 11:00 AM;Nov 20, 2025 12:00 PM;129.30;125.91;120.46;128.93;132.23;91.73;124.36;125.25;142.89;133.36;132.23;121.51;132.11;-;148.69;140.43;140.10
Nov 20, 2025 12:00 PM;Nov 20, 2025 1:00 PM;125.05;124.94;118.36;124.69;127.89;94.61;121.35;121.13;140.96;145.53;127.89;119.50;132.47;-;146.65;139.21;140.49
Nov 20, 2025 1:00 PM;Nov 20, 2025 2:00 PM;126.10;126.45;116.66;123.62;126.79;80.81;121.00;120.33;143.16;169.83;126.79;121.50;140.52;-;145.84;145.84;150.24
Nov 20, 2025 2:00 PM;Nov 20, 2025 3:00 PM;134.20;134.58;125.22;131.63;134.20;89.48;129.46;127.58;155.10;178.59;134.20;127.10;147.85;-;150.48;160.54;168.62
Nov 20, 2025 3:00 PM;Nov 20, 2025 4:00 PM;149.69;145.46;137.26;149.31;149.69;94.20;143.03;145.03;161.47;178.85;149.69;131.90;159.60;-;136.09;164.18;166.35
Nov 20, 2025 4:00 PM;Nov 20, 2025 5:00 PM;175.83;165.10;137.46;173.32;173.12;112.98;165.86;168.39;178.44;203.54;173.12;146.50;183.44;-;150.50;177.44;185.44
Nov 20, 2025 5:00 PM;Nov 20, 2025 6:00 PM;175.47;168.42;158.34;175.10;175.10;148.12;171.03;169.99;174.87;175.05;174.95;155.00;175.03;-;155.00;173.39;175.32
Nov 20, 2025 6:00 PM;Nov 20, 2025 7:00 PM;163.25;160.31;159.31;163.00;163.00;157.00;162.23;158.27;162.97;162.88;162.88;148.91;163.00;-;157.00;162.84;163.54
Nov 20, 2025 7:00 PM;Nov 20, 2025 8:00 PM;156.02;152.77;153.62;155.77;155.77;152.21;155.37;151.26;155.97;155.67;151.97;137.06;155.82;-;152.21;155.91;156.35
Nov 20, 2025 8:00 PM;Nov 20, 2025 9:00 PM;137.10;133.07;130.98;135.95;132.55;127.33;135.45;132.56;136.97;136.22;132.56;126.64;136.59;-;129.60;136.83;137.94
Nov 20, 2025 9:00 PM;Nov 20, 2025 10:00 PM;120.75;116.42;111.37;118.45;115.40;105.72;118.26;115.40;121.12;118.77;115.40;121.03;119.71;-;118.90;121.15;123.33
Nov 20, 2025 10:00 PM;Nov 20, 2025 11:00 PM;108.24;106.93;106.82;107.28;104.35;102.24;107.40;104.35;110.20;106.82;104.35;114.70;107.74;-;112.63;110.92;111.92
Nov 20, 2025 11:00 PM;Nov 21, 2025 12:00 AM;93.76;94.38;93.54;93.63;90.86;92.85;93.63;90.86;93.83;94.43;90.86;109.92;93.80;-;106.79;93.85;93.82
Nov 21, 2025 12:00 AM;Nov 21, 2025 1:00 AM;101.55;97.81;96.55;98.59;95.73;80.85;98.59;95.73;103.07;102.14;95.73;106.67;102.27;-;105.61;103.34;102.78
Nov 21, 2025 1:00 AM;Nov 21, 2025 2:00 AM;94.14;93.46;92.65;93.49;90.88;87.91;93.24;90.86;94.59;94.31;90.90;104.84;94.35;-;105.58;94.67;94.50
Nov 21, 2025 2:00 AM;Nov 21, 2025 3:00 AM;90.28;89.85;89.12;89.56;86.94;85.31;89.56;86.92;90.64;90.43;86.95;102.52;90.45;-;104.96;90.71;90.57
Nov 21, 2025 3:00 AM;Nov 21, 2025 4:00 AM;90.19;88.99;88.16;88.88;86.33;81.39;88.88;86.32;90.82;90.44;86.33;100.86;90.49;-;104.51;90.94;90.70
Nov 21, 2025 4:00 AM;Nov 21, 2025 5:00 AM;93.63;91.23;90.00;91.28;88.37;78.00;91.28;88.36;94.75;94.98;88.37;104.00;94.16;-;105.10;94.96;94.54
Nov 21, 2025 5:00 AM;Nov 21, 2025 6:00 AM;101.87;98.97;98.74;98.80;96.52;87.20;98.80;96.01;103.05;102.91;96.52;107.70;102.44;-;104.35;103.24;102.82
Nov 21, 2025 6:00 AM;Nov 21, 2025 7:00 AM;133.53;124.14;111.43;128.59;126.56;98.50;126.86;123.96;130.69;133.09;124.55;128.40;132.96;-;116.82;129.12;131.14
Nov 21, 2025 7:00 AM;Nov 21, 2025 8:00 AM;180.42;173.98;165.18;180.42;180.42;157.00;174.32;176.08;178.16;179.96;176.90;165.47;179.83;-;165.00;177.13;178.60
Nov 21, 2025 8:00 AM;Nov 21, 2025 9:00 AM;205.38;200.46;198.39;205.38;205.39;194.09;203.95;199.43;204.28;205.52;200.53;182.67;205.42;-;196.76;202.72;205.99
Nov 21, 2025 9:00 AM;Nov 21, 2025 10:00 AM;181.83;178.16;174.67;181.83;181.83;170.13;180.33;177.60;180.25;182.91;179.52;168.06;182.59;-;180.79;176.66;185.75
Nov 21, 2025 10:00 AM;Nov 21, 2025 11:00 AM;151.02;144.99;138.98;151.02;151.02;100.32;144.63;145.60;154.24;153.88;151.43;150.00;153.77;-;166.63;151.38;158.90
Nov 21, 2025 11:00 AM;Nov 21, 2025 12:00 PM;137.72;131.78;125.68;137.72;137.72;86.83;131.26;133.74;141.00;140.41;137.81;137.07;140.32;-;139.18;138.60;144.94
Nov 21, 2025 12:00 PM;Nov 21, 2025 1:00 PM;130.34;126.50;124.13;130.34;130.34;95.92;122.62;126.67;133.16;132.14;130.37;133.67;132.18;-;133.09;132.12;134.74
Nov 21, 2025 1:00 PM;Nov 21, 2025 2:00 PM;135.58;129.73;126.77;135.58;135.58;87.14;125.20;131.67;139.76;137.30;135.62;134.91;137.55;-;140.00;140.11;139.01
Nov 21, 2025 2:00 PM;Nov 21, 2025 3:00 PM;153.75;145.90;139.26;153.75;153.76;91.68;145.83;149.30;159.32;160.45;154.07;140.20;157.26;-;159.32;160.33;159.51
Nov 21, 2025 3:00 PM;Nov 21, 2025 4:00 PM;196.84;180.30;155.62;196.61;196.84;94.14;183.19;190.73;197.20;198.27;197.24;175.36;198.10;-;160.00;196.27;197.29
Nov 21, 2025 4:00 PM;Nov 21, 2025 5:00 PM;251.87;225.84;182.18;251.32;251.88;100.29;231.43;243.81;248.68;252.49;252.37;217.54;252.29;-;158.65;245.95;249.32
Nov 21, 2025 5:00 PM;Nov 21, 2025 6:00 PM;250.01;234.05;203.58;250.01;250.01;160.75;241.46;244.30;241.11;250.77;250.34;233.95;248.33;-;160.75;236.59;243.01
Nov 21, 2025 6:00 PM;Nov 21, 2025 7:00 PM;205.09;197.26;186.63;205.09;205.10;171.10;201.23;196.92;202.26;206.24;205.60;184.85;204.85;-;171.10;200.89;203.21
Nov 21, 2025 7:00 PM;Nov 21, 2025 8:00 PM;171.37;168.82;165.83;171.37;171.37;162.11;170.22;164.75;170.72;172.35;171.80;165.00;171.53;-;162.11;170.46;171.17
Nov 21, 2025 8:00 PM;Nov 21, 2025 9:00 PM;141.95;139.38;137.76;141.95;141.96;135.34;140.93;135.05;141.60;142.97;142.44;130.98;142.18;-;135.34;141.43;141.98
Nov 21, 2025 9:00 PM;Nov 21, 2025 10:00 PM;117.31;114.74;114.25;117.31;117.32;104.31;115.58;100.85;118.22;117.66;118.53;120.36;117.74;-;118.02;118.39;118.05
Nov 21, 2025 10:00 PM;Nov 21, 2025 11:00 PM;104.90;104.51;104.88;103.73;103.73;99.19;102.39;99.64;105.66;108.27;102.85;114.00;105.31;-;113.08;105.76;105.53
Nov 21, 2025 11:00 PM;Nov 22, 2025 12:00 AM;95.03;96.85;96.42;94.23;94.23;95.85;93.34;90.26;95.29;111.59;92.11;106.83;95.19;-;110.31;95.30;95.24
Nov 22, 2025 12:00 AM;Nov 22, 2025 1:00 AM;102.25;100.50;99.51;100.42;101.29;90.59;100.42;93.06;103.08;116.19;83.40;114.96;102.58;-;120.00;103.18;102.87
Nov 22, 2025 1:00 AM;Nov 22, 2025 2:00 AM;94.60;94.50;94.32;94.43;94.39;93.42;94.43;91.29;94.68;112.56;64.81;110.53;94.63;-;112.64;94.68;94.66
Nov 22, 2025 2:00 AM;Nov 22, 2025 3:00 AM;88.44;90.04;88.44;88.44;88.39;88.44;88.44;85.34;88.44;121.35;56.31;108.36;88.44;-;110.35;88.44;88.44
Nov 22, 2025 3:00 AM;Nov 22, 2025 4:00 AM;85.28;86.89;85.28;85.28;85.23;85.28;85.28;82.11;85.28;117.29;52.43;107.10;85.28;-;110.50;85.28;85.28
Nov 22, 2025 4:00 AM;Nov 22, 2025 5:00 AM;86.10;84.38;85.63;81.37;81.33;77.70;81.42;78.72;87.07;112.06;50.10;106.26;86.54;-;108.90;87.16;86.83
Nov 22, 2025 5:00 AM;Nov 22, 2025 6:00 AM;85.28;82.15;86.53;78.00;68.67;80.30;78.38;75.78;86.33;106.34;48.19;109.37;85.80;-;105.77;86.39;86.08
Nov 22, 2025 6:00 AM;Nov 22, 2025 7:00 AM;90.52;83.19;92.72;78.17;52.32;82.16;79.48;76.82;92.31;104.71;49.01;116.00;91.42;-;117.63;92.41;91.89
Nov 22, 2025 7:00 AM;Nov 22, 2025 8:00 AM;106.75;91.63;110.21;82.16;55.49;89.84;87.96;80.72;109.88;109.37;52.09;121.80;108.44;-;121.68;110.29;109.33
Nov 22, 2025 8:00 AM;Nov 22, 2025 9:00 AM;104.21;93.47;104.19;83.68;57.09;97.74;100.00;82.16;106.84;112.57;53.70;123.05;107.13;-;121.55;107.64;108.26
Nov 22, 2025 9:00 AM;Nov 22, 2025 10:00 AM;89.12;90.47;89.69;81.50;81.46;90.35;89.42;80.22;103.05;108.55;54.52;121.10;95.35;-;117.60;101.33;102.46
Nov 22, 2025 10:00 AM;Nov 22, 2025 11:00 AM;82.01;87.42;82.80;82.01;81.97;83.71;82.38;78.10;105.80;105.22;53.37;115.51;90.73;-;109.96;99.60;101.04
Nov 22, 2025 11:00 AM;Nov 22, 2025 12:00 PM;78.58;84.90;79.36;78.56;78.53;80.36;78.87;76.10;105.10;107.11;52.37;109.85;87.72;-;105.10;99.00;101.39
Nov 22, 2025 12:00 PM;Nov 22, 2025 1:00 PM;76.28;83.02;77.02;76.26;76.22;78.07;76.52;73.87;103.89;108.55;50.72;107.11;85.01;-;100.03;99.29;100.80
Nov 22, 2025 1:00 PM;Nov 22, 2025 2:00 PM;75.37;84.29;76.86;75.37;75.33;77.68;76.22;73.25;103.17;120.89;49.65;107.10;91.67;-;100.05;99.70;104.56
Nov 22, 2025 2:00 PM;Nov 22, 2025 3:00 PM;81.65;92.60;80.66;80.40;80.36;69.84;81.49;76.63;103.09;167.86;51.24;116.56;110.54;-;108.62;113.54;124.58
Nov 22, 2025 3:00 PM;Nov 22, 2025 4:00 PM;88.97;99.04;86.24;77.54;77.50;68.29;87.79;78.99;115.87;195.90;53.30;123.00;125.00;-;121.07;128.76;142.20
Nov 22, 2025 4:00 PM;Nov 22, 2025 5:00 PM;105.00;108.60;99.74;85.51;85.47;84.67;98.10;82.73;132.96;206.67;54.67;126.00;138.12;-;135.53;138.85;149.94
Nov 22, 2025 5:00 PM;Nov 22, 2025 6:00 PM;114.46;109.24;109.32;88.35;88.31;90.25;109.30;85.49;132.66;177.25;57.56;127.69;135.41;-;144.65;136.46;142.98
Nov 22, 2025 6:00 PM;Nov 22, 2025 7:00 PM;109.25;105.96;107.46;84.03;69.60;99.53;104.34;81.71;127.78;176.40;55.73;127.69;131.26;-;133.51;131.65;139.10
Nov 22, 2025 7:00 PM;Nov 22, 2025 8:00 PM;98.33;100.09;101.00;73.87;56.50;102.83;92.20;77.13;116.97;176.37;53.72;126.70;123.71;-;129.52;125.98;136.41
Nov 22, 2025 8:00 PM;Nov 22, 2025 9:00 PM;86.61;94.39;89.35;70.82;56.67;91.13;88.39;74.17;106.41;170.43;52.53;124.30;114.10;-;125.40;116.12;127.35
Nov 22, 2025 9:00 PM;Nov 22, 2025 10:00 PM;89.25;86.48;92.75;70.00;55.26;92.17;85.44;72.53;95.93;115.64;53.26;120.20;98.13;-;120.23;98.97;102.38
Nov 22, 2025 10:00 PM;Nov 22, 2025 11:00 PM;89.43;84.04;89.95;68.50;53.83;90.23;89.77;71.24;92.83;105.71;51.49;116.72;94.13;-;119.66;94.49;96.40
Nov 22, 2025 11:00 PM;Nov 23, 2025 12:00 AM;82.23;79.22;84.12;66.69;52.45;83.33;78.85;69.93;82.58;106.47;50.11;114.47;82.43;-;112.19;82.57;82.50
Nov 23, 2025 12:00 AM;Nov 23, 2025 1:00 AM;81.53;72.86;81.53;50.89;27.01;81.53;81.53;69.01;81.53;105.57;25.55;115.80;81.53;-;105.10;81.53;81.53
Nov 23, 2025 1:00 AM;Nov 23, 2025 2:00 AM;74.35;67.36;74.35;48.43;16.55;74.35;74.35;69.15;74.35;107.42;15.83;111.80;74.35;-;97.07;74.35;74.35
Nov 23, 2025 2:00 AM;Nov 23, 2025 3:00 AM;70.44;65.34;70.44;46.49;17.48;70.44;70.44;67.28;70.44;108.02;16.88;110.36;70.44;-;96.55;70.44;70.44
Nov 23, 2025 3:00 AM;Nov 23, 2025 4:00 AM;63.23;62.22;63.23;50.29;19.66;63.23;63.23;62.31;63.23;106.66;19.12;110.21;63.23;-;101.90;63.23;63.23
Nov 23, 2025 4:00 AM;Nov 23, 2025 5:00 AM;60.89;61.25;60.89;48.19;22.38;60.89;60.89;59.26;60.89;106.97;22.03;110.54;60.89;-;104.17;60.89;60.89
Nov 23, 2025 5:00 AM;Nov 23, 2025 6:00 AM;64.21;63.73;63.84;45.59;24.49;64.01;63.74;61.65;70.89;104.61;24.17;111.00;67.08;-;93.52;69.22;68.98
Nov 23, 2025 6:00 AM;Nov 23, 2025 7:00 AM;62.03;66.80;60.68;46.97;30.24;62.13;60.18;60.29;90.62;106.65;29.98;112.70;74.35;-;102.08;83.45;82.48
Nov 23, 2025 7:00 AM;Nov 23, 2025 8:00 AM;67.98;73.13;66.00;56.76;45.92;65.25;65.76;63.61;98.29;102.62;45.15;113.96;81.07;-;105.10;90.84;89.79
Nov 23, 2025 8:00 AM;Nov 23, 2025 9:00 AM;67.83;77.68;68.53;61.76;57.68;68.91;68.02;64.91;103.04;106.44;56.86;115.64;82.68;-;104.49;97.96;100.37
Nov 23, 2025 9:00 AM;Nov 23, 2025 10:00 AM;65.96;78.36;67.25;63.18;62.88;68.67;66.55;64.51;102.04;109.93;62.88;112.04;82.03;-;104.79;94.82;98.48
Nov 23, 2025 10:00 AM;Nov 23, 2025 11:00 AM;65.99;79.22;67.63;65.98;65.39;69.28;66.70;66.33;102.30;111.45;65.39;110.33;80.64;-;102.30;94.15;98.03
Nov 23, 2025 11:00 AM;Nov 23, 2025 12:00 PM;66.69;79.80;68.51;66.69;66.63;70.29;67.38;67.03;103.09;111.45;66.63;110.10;80.01;-;104.78;94.70;98.36
Nov 23, 2025 12:00 PM;Nov 23, 2025 1:00 PM;67.86;80.58;69.06;67.86;67.93;70.41;68.38;67.93;105.10;108.03;67.93;111.00;82.71;-;105.10;95.30;98.53
Nov 23, 2025 1:00 PM;Nov 23, 2025 2:00 PM;65.46;80.33;66.22;65.46;66.26;65.00;65.90;66.41;104.11;121.00;66.26;111.88;85.11;-;97.82;97.82;103.09
Nov 23, 2025 2:00 PM;Nov 23, 2025 3:00 PM;69.43;85.87;69.17;69.43;69.49;59.85;71.18;69.49;106.01;150.35;69.49;113.11;96.97;-;106.64;108.41;117.38
Nov 23, 2025 3:00 PM;Nov 23, 2025 4:00 PM;77.29;93.48;75.76;77.29;77.29;59.01;79.85;77.29;104.68;171.37;77.29;120.00;108.43;-;110.90;113.14;125.24
Nov 23, 2025 4:00 PM;Nov 23, 2025 5:00 PM;77.89;101.36;78.52;77.89;77.89;63.70;83.00;77.89;127.41;199.83;77.89;128.22;122.70;-;122.89;133.87;148.42
Nov 23, 2025 5:00 PM;Nov 23, 2025 6:00 PM;80.84;101.83;84.08;80.84;80.84;79.91;91.40;80.84;130.43;160.21;80.84;131.60;119.20;-;128.06;128.77;137.10
Nov 23, 2025 6:00 PM;Nov 23, 2025 7:00 PM;82.54;103.70;86.69;82.54;82.54;88.99;89.90;82.54;131.07;151.31;82.54;131.59;131.04;-;129.57;129.57;137.45
Nov 23, 2025 7:00 PM;Nov 23, 2025 8:00 PM;83.80;103.02;85.45;83.80;83.75;88.12;86.51;83.75;136.91;154.49;83.75;129.02;117.72;-;131.53;130.95;137.75
Nov 23, 2025 8:00 PM;Nov 23, 2025 9:00 PM;77.41;95.38;79.17;77.41;77.85;81.36;81.70;77.85;128.64;134.15;77.85;125.00;108.19;-;128.64;120.88;125.78
Nov 23, 2025 9:00 PM;Nov 23, 2025 10:00 PM;74.16;86.92;74.10;74.16;73.86;72.65;75.84;73.86;109.06;111.35;73.86;122.43;94.94;-;122.36;103.62;106.62
Nov 23, 2025 10:00 PM;Nov 23, 2025 11:00 PM;75.17;84.05;73.08;73.42;73.23;69.30;73.42;73.23;103.06;104.41;73.23;118.21;90.02;-;111.55;97.38;98.63
Nov 23, 2025 11:00 PM;Nov 24, 2025 12:00 AM;71.26;76.98;68.31;69.31;69.31;60.57;69.31;69.31;78.54;107.43;69.31;111.00;74.35;-;105.48;76.66;76.22
Nov 24, 2025 12:00 AM;Nov 24, 2025 1:00 AM;72.46;76.85;71.34;68.93;67.60;66.78;71.76;67.60;75.75;106.01;67.60;102.39;79.57;-;105.20;76.15;76.38
Nov 24, 2025 1:00 AM;Nov 24, 2025 2:00 AM;70.06;74.35;68.13;69.00;67.89;61.61;69.03;67.89;71.54;102.57;67.89;99.95;72.33;-;101.00;71.71;71.60
Nov 24, 2025 2:00 AM;Nov 24, 2025 3:00 AM;72.26;74.09;68.34;70.15;68.64;55.60;70.20;68.64;73.58;101.09;68.64;97.24;72.87;-;96.55;73.71;73.28
Nov 24, 2025 3:00 AM;Nov 24, 2025 4:00 AM;73.28;73.11;66.33;69.68;69.22;43.44;69.68;69.22;75.75;101.21;69.22;96.00;74.48;-;93.58;76.03;75.34
Nov 24, 2025 4:00 AM;Nov 24, 2025 5:00 AM;73.76;72.57;64.86;68.82;69.24;35.45;68.82;69.23;77.11;102.97;69.24;97.00;75.54;-;94.45;77.43;76.57
Nov 24, 2025 5:00 AM;Nov 24, 2025 6:00 AM;80.07;82.34;74.10;75.68;75.68;57.02;76.42;75.55;99.15;105.12;75.69;102.58;88.78;-;103.49;95.05;94.09
Nov 24, 2025 6:00 AM;Nov 24, 2025 7:00 AM;90.31;102.98;88.51;87.68;89.72;75.79;89.37;83.99;119.67;161.62;90.10;116.45;129.86;-;113.10;125.48;134.54
Nov 24, 2025 7:00 AM;Nov 24, 2025 8:00 AM;104.39;120.11;93.55;93.57;105.05;93.55;89.06;90.17;140.99;225.95;112.80;129.74;146.76;-;133.95;151.22;170.62
Nov 24, 2025 8:00 AM;Nov 24, 2025 9:00 AM;107.79;124.72;99.14;98.99;114.58;96.01;94.55;93.25;145.02;222.85;122.25;136.29;148.94;-;145.27;151.12;170.00
Nov 24, 2025 9:00 AM;Nov 24, 2025 10:00 AM;110.26;132.80;105.27;104.42;129.07;105.76;101.14;94.96;149.97;231.98;147.61;135.03;155.57;-;149.87;149.44;184.23
Nov 24, 2025 10:00 AM;Nov 24, 2025 11:00 AM;117.45;138.96;113.48;117.45;146.77;106.41;112.74;109.12;156.93;203.37;175.86;131.41;154.99;-;154.59;147.73;182.59
Nov 24, 2025 11:00 AM;Nov 24, 2025 12:00 PM;128.04;142.37;119.92;127.94;142.74;90.19;123.16;124.01;158.79;227.35;156.22;131.37;164.44;-;160.24;160.20;187.16
Nov 24, 2025 12:00 PM;Nov 24, 2025 1:00 PM;134.24;143.17;122.13;128.35;139.30;90.48;123.80;121.09;161.71;234.92;152.28;131.74;169.05;-;165.15;167.45;188.63
Nov 24, 2025 1:00 PM;Nov 24, 2025 2:00 PM;149.99;148.66;132.25;149.73;150.78;72.63;139.17;98.05;177.84;239.58;158.74;134.50;182.05;-;177.84;183.33;200.03
Nov 24, 2025 2:00 PM;Nov 24, 2025 3:00 PM;173.54;160.71;140.00;163.55;173.95;60.12;145.41;94.31;203.20;266.61;177.57;136.99;206.08;-;179.49;211.49;222.85
Nov 24, 2025 3:00 PM;Nov 24, 2025 4:00 PM;195.81;177.11;136.40;183.16;200.31;71.28;175.05;133.02;208.48;271.30;201.02;148.71;219.53;-;169.13;215.55;230.47
Nov 24, 2025 4:00 PM;Nov 24, 2025 5:00 PM;225.78;209.33;160.07;218.79;240.28;86.28;202.77;203.78;238.94;302.21;239.79;160.49;249.28;-;180.00;246.83;266.74
Nov 24, 2025 5:00 PM;Nov 24, 2025 6:00 PM;263.48;227.72;187.77;247.74;269.82;101.65;237.50;222.51;261.84;279.43;269.22;158.80;268.62;-;175.11;260.67;266.98
Nov 24, 2025 6:00 PM;Nov 24, 2025 7:00 PM;230.59;195.37;162.22;217.55;231.11;102.52;209.99;104.43;230.15;260.99;235.93;154.61;239.59;-;157.60;230.12;239.36
Nov 24, 2025 7:00 PM;Nov 24, 2025 8:00 PM;188.30;167.61;133.59;180.26;188.30;99.28;174.61;99.42;188.53;237.71;187.69;151.92;202.41;-;157.60;192.69;205.31
Nov 24, 2025 8:00 PM;Nov 24, 2025 9:00 PM;151.19;143.00;134.80;147.79;151.18;82.07;141.98;97.78;165.06;204.67;150.78;127.40;169.46;-;134.47;172.42;177.98
Nov 24, 2025 9:00 PM;Nov 24, 2025 10:00 PM;135.24;124.51;121.93;132.49;135.23;77.74;127.79;96.96;141.10;142.62;134.93;119.66;139.14;-;128.57;142.05;141.33
Nov 24, 2025 10:00 PM;Nov 24, 2025 11:00 PM;123.04;113.41;111.13;118.72;121.58;71.70;116.52;93.85;127.35;126.10;121.35;113.76;125.40;-;121.40;127.83;126.76
Nov 24, 2025 11:00 PM;Nov 25, 2025 12:00 AM;105.41;99.14;96.65;100.40;102.63;67.22;100.40;87.78;108.68;108.97;102.48;107.83;107.54;-;108.80;108.85;108.46
Nov 25, 2025 12:00 AM;Nov 25, 2025 1:00 AM;100.90;93.35;90.21;95.02;97.23;54.27;94.68;81.56;104.40;102.76;97.06;106.97;102.73;-;105.98;104.98;103.87
Nov 25, 2025 1:00 AM;Nov 25, 2025 2:00 AM;99.15;89.64;86.05;91.40;92.67;41.84;91.40;77.81;103.44;102.34;92.52;105.20;101.39;-;104.15;104.15;102.79
Nov 25, 2025 2:00 AM;Nov 25, 2025 3:00 AM;97.59;87.26;82.54;90.11;91.45;31.69;88.85;76.51;102.51;100.66;91.29;104.05;100.16;-;103.33;103.33;101.76
Nov 25, 2025 3:00 AM;Nov 25, 2025 4:00 AM;96.10;84.53;79.18;86.38;88.54;21.51;86.09;74.40;101.62;100.91;88.40;103.81;98.98;-;101.84;102.54;100.79
Nov 25, 2025 4:00 AM;Nov 25, 2025 5:00 AM;99.51;85.84;80.63;88.45;90.30;16.71;87.56;75.63;105.68;102.80;90.15;103.57;102.74;-;105.42;106.71;104.74
Nov 25, 2025 5:00 AM;Nov 25, 2025 6:00 AM;106.73;91.82;85.11;90.58;94.58;31.83;86.26;79.64;114.83;110.87;94.40;111.31;110.68;-;109.27;113.95;113.81
Nov 25, 2025 6:00 AM;Nov 25, 2025 7:00 AM;122.41;128.17;76.00;109.65;121.27;60.94;90.11;94.01;157.32;273.22;121.00;137.01;169.30;-;137.02;166.85;190.66
Nov 25, 2025 7:00 AM;Nov 25, 2025 8:00 AM;291.02;225.48;105.71;242.09;281.76;84.62;194.99;220.60;272.46;341.45;280.94;155.71;300.00;-;174.19;277.67;297.72
Nov 25, 2025 8:00 AM;Nov 25, 2025 9:00 AM;333.28;264.70;122.79;297.12;346.19;97.81;227.16;268.50;303.57;375.66;345.17;186.05;341.70;-;200.00;289.15;354.42
Nov 25, 2025 9:00 AM;Nov 25, 2025 10:00 AM;292.65;246.87;126.80;260.82;318.45;91.97;216.65;247.35;281.01;360.02;317.54;183.30;311.65;-;245.00;259.69;332.50
Nov 25, 2025 10:00 AM;Nov 25, 2025 11:00 AM;273.09;226.35;99.25;273.09;280.88;77.19;182.39;219.76;246.75;354.53;280.51;186.20;289.35;-;215.00;232.53;276.36
Nov 25, 2025 11:00 AM;Nov 25, 2025 12:00 PM;326.63;241.42;90.13;320.58;326.83;68.46;109.55;254.03;273.28;372.38;327.49;193.02;319.95;-;209.10;243.17;294.56
Nov 25, 2025 12:00 PM;Nov 25, 2025 1:00 PM;351.00;249.68;91.04;300.00;350.99;70.25;102.93;271.47;287.75;406.03;349.99;171.29;344.74;-;170.00;260.08;317.53
Nov 25, 2025 1:00 PM;Nov 25, 2025 2:00 PM;317.65;241.27;85.86;274.00;317.64;61.82;105.70;246.32;276.53;419.14;316.75;220.00;330.28;-;165.00;259.99;315.92
Nov 25, 2025 2:00 PM;Nov 25, 2025 3:00 PM;300.00;243.05;92.79;283.31;301.73;66.09;121.91;234.08;283.79;424.78;300.86;238.44;325.77;-;180.00;290.24;329.95
Nov 25, 2025 3:00 PM;Nov 25, 2025 4:00 PM;310.00;252.68;126.12;300.00;307.15;67.61;190.00;238.46;291.09;379.77;306.21;250.00;323.13;-;157.64;301.21;324.19
Nov 25, 2025 4:00 PM;Nov 25, 2025 5:00 PM;325.08;289.99;145.59;332.41;386.86;79.81;257.54;298.75;306.46;389.72;385.67;267.20;339.94;-;160.00;309.11;337.65
Nov 25, 2025 5:00 PM;Nov 25, 2025 6:00 PM;373.31;303.43;175.56;374.88;386.53;93.81;282.46;298.09;335.91;378.96;385.38;253.31;372.84;-;160.43;309.95;380.47
Nov 25, 2025 6:00 PM;Nov 25, 2025 7:00 PM;297.91;253.53;185.00;298.76;305.11;104.14;247.49;237.99;274.84;301.19;303.49;234.84;296.01;-;175.00;267.63;283.06
Nov 25, 2025 7:00 PM;Nov 25, 2025 8:00 PM;249.37;210.28;142.00;249.37;255.19;102.11;201.40;200.17;227.28;253.17;253.91;182.18;246.35;-;168.75;219.29;234.23
Nov 25, 2025 8:00 PM;Nov 25, 2025 9:00 PM;172.83;155.56;127.44;172.83;176.35;96.28;154.33;139.29;164.25;174.56;175.52;157.49;172.86;-;156.79;160.02;172.25
Nov 25, 2025 9:00 PM;Nov 25, 2025 10:00 PM;135.02;125.29;108.70;135.02;137.23;90.31;124.40;111.50;129.78;134.68;136.42;135.65;134.57;-;131.88;127.48;133.70
Nov 25, 2025 10:00 PM;Nov 25, 2025 11:00 PM;119.16;111.29;97.12;119.16;120.44;88.60;107.28;98.55;113.78;120.40;119.63;121.01;118.19;-;112.99;111.46;115.34
Nov 25, 2025 11:00 PM;Nov 26, 2025 12:00 AM;102.04;97.69;91.57;102.04;102.01;80.38;90.63;89.86;101.24;106.05;100.64;107.99;102.14;-;105.23;99.97;101.43
Nov 26, 2025 12:00 AM;Nov 26, 2025 1:00 AM;92.85;91.55;86.22;92.85;92.84;78.13;85.68;83.70;92.81;106.37;91.48;104.06;92.88;-;101.37;92.30;93.58
Nov 26, 2025 1:00 AM;Nov 26, 2025 2:00 AM;89.95;88.74;85.23;89.95;89.94;68.97;87.23;80.96;91.24;100.47;89.42;101.57;91.20;-;102.50;89.84;93.13
Nov 26, 2025 2:00 AM;Nov 26, 2025 3:00 AM;88.33;86.54;82.53;88.33;88.32;62.38;84.91;80.08;90.14;98.06;87.80;99.97;89.39;-;100.71;90.08;90.28
Nov 26, 2025 3:00 AM;Nov 26, 2025 4:00 AM;89.44;86.90;83.53;89.44;89.43;63.08;85.83;77.05;91.33;96.72;89.26;99.80;90.42;-;101.93;91.63;91.02
Nov 26, 2025 4:00 AM;Nov 26, 2025 5:00 AM;89.80;86.86;83.58;89.80;89.80;61.99;86.11;75.79;91.79;96.18;89.79;99.81;90.83;-;101.62;92.09;91.46
Nov 26, 2025 5:00 AM;Nov 26, 2025 6:00 AM;97.25;93.39;91.32;97.25;96.73;74.02;93.02;78.42;98.69;98.10;96.30;105.51;97.97;-;102.91;98.91;98.46
Nov 26, 2025 6:00 AM;Nov 26, 2025 7:00 AM;129.82;117.61;94.99;129.82;131.10;81.05;112.29;102.77;123.06;127.46;130.51;133.00;127.66;-;123.38;122.38;125.06
Nov 26, 2025 7:00 AM;Nov 26, 2025 8:00 AM;191.17;170.25;144.96;191.17;190.42;94.54;178.08;138.42;185.82;182.02;191.65;184.68;191.04;-;185.51;185.44;188.77
Nov 26, 2025 8:00 AM;Nov 26, 2025 9:00 AM;237.22;209.72;173.14;237.22;237.23;108.86;220.16;207.88;228.49;210.64;238.33;208.18;236.81;-;210.00;228.31;233.46
Nov 26, 2025 9:00 AM;Nov 26, 2025 10:00 AM;211.85;194.83;165.82;211.85;211.86;118.90;198.56;185.50;205.63;210.22;212.86;210.00;211.94;-;204.69;204.69;210.44
Nov 26, 2025 10:00 AM;Nov 26, 2025 11:00 AM;197.14;176.59;145.70;197.14;197.15;89.91;182.67;171.33;189.68;183.28;196.60;192.46;196.61;-;187.08;186.74;195.56
Nov 26, 2025 11:00 AM;Nov 26, 2025 12:00 PM;170.50;158.63;140.45;170.50;170.52;92.01;160.21;145.78;170.00;171.03;170.38;182.99;171.11;-;170.00;169.84;170.48
Nov 26, 2025 12:00 PM;Nov 26, 2025 1:00 PM;164.68;153.02;137.54;164.68;164.70;82.99;153.21;141.23;162.62;164.92;164.99;181.33;165.05;-;160.10;162.30;163.67
Nov 26, 2025 1:00 PM;Nov 26, 2025 2:00 PM;168.24;154.63;134.46;168.24;168.26;74.40;154.87;144.94;168.78;169.25;168.43;180.00;169.35;-;168.61;168.61;168.98
Nov 26, 2025 2:00 PM;Nov 26, 2025 3:00 PM;184.49;165.83;143.33;184.49;184.50;82.91;170.99;159.39;182.30;174.77;182.86;173.85;184.76;-;182.07;182.01;183.38
Nov 26, 2025 3:00 PM;Nov 26, 2025 4:00 PM;223.72;199.09;166.89;223.72;223.74;86.05;205.27;193.31;220.31;148.17;221.89;276.61;224.08;-;180.00;219.97;222.06
Nov 26, 2025 4:00 PM;Nov 26, 2025 5:00 PM;294.38;250.67;203.50;294.38;294.40;91.62;267.58;254.79;285.01;162.17;292.51;317.97;293.46;-;195.41;283.70;288.62
Nov 26, 2025 5:00 PM;Nov 26, 2025 6:00 PM;294.61;251.43;216.22;294.61;294.63;142.56;272.83;254.68;285.31;130.20;292.61;288.41;293.71;-;195.00;283.67;288.92
Nov 26, 2025 6:00 PM;Nov 26, 2025 7:00 PM;228.93;210.29;202.96;228.93;228.95;180.00;221.74;197.43;225.61;113.47;226.86;258.75;228.54;-;187.28;225.04;226.88
Nov 26, 2025 7:00 PM;Nov 26, 2025 8:00 PM;183.67;177.32;176.10;183.67;183.68;171.70;181.31;158.23;183.39;126.77;182.00;220.00;183.63;-;186.25;182.64;183.21
Nov 26, 2025 8:00 PM;Nov 26, 2025 9:00 PM;141.26;137.53;133.01;141.26;141.27;124.83;138.62;121.77;140.39;137.32;140.09;153.03;141.20;-;162.78;140.22;140.74
Nov 26, 2025 9:00 PM;Nov 26, 2025 10:00 PM;114.95;111.73;107.94;114.95;115.13;100.00;112.61;99.64;114.39;114.97;114.37;120.03;114.96;-;129.30;114.26;114.63
Nov 26, 2025 10:00 PM;Nov 26, 2025 11:00 PM;101.99;100.07;98.47;101.99;101.83;91.89;98.04;88.25;102.03;102.16;101.52;112.40;102.20;-;115.33;101.95;102.08
Nov 26, 2025 11:00 PM;Nov 27, 2025 12:00 AM;90.19;91.05;90.38;90.19;90.19;88.89;88.81;78.74;90.42;94.22;89.76;109.62;90.32;-;110.94;90.44;90.38
Nov 27, 2025 12:00 AM;Nov 27, 2025 1:00 AM;89.95;90.75;89.70;89.95;89.09;88.89;89.81;77.72;90.02;93.68;88.78;110.63;89.98;-;107.63;90.03;90.01
Nov 27, 2025 1:00 AM;Nov 27, 2025 2:00 AM;84.27;85.67;83.63;83.96;83.96;81.46;83.96;75.13;84.48;89.44;84.03;108.00;84.38;-;104.46;84.51;84.44
Nov 27, 2025 2:00 AM;Nov 27, 2025 3:00 AM;79.95;81.69;78.55;79.18;79.18;73.81;79.18;73.54;80.40;88.84;79.34;106.45;80.16;-;105.10;80.46;80.31
Nov 27, 2025 3:00 AM;Nov 27, 2025 4:00 AM;77.34;78.45;76.50;73.26;74.07;68.41;73.68;70.23;78.31;90.51;74.19;106.00;77.85;-;105.41;78.41;78.11
Nov 27, 2025 4:00 AM;Nov 27, 2025 5:00 AM;79.95;77.06;81.68;67.73;69.80;66.38;65.17;65.23;82.32;92.46;69.94;105.67;81.27;-;105.10;82.50;81.85
Nov 27, 2025 5:00 AM;Nov 27, 2025 6:00 AM;82.08;78.69;80.30;65.97;65.03;68.97;73.29;65.52;84.06;107.15;65.02;107.08;83.23;-;105.10;84.18;83.67
Nov 27, 2025 6:00 AM;Nov 27, 2025 7:00 AM;112.22;92.13;102.45;73.10;76.27;77.46;70.79;71.08;112.01;115.30;76.48;123.99;114.48;-;115.33;110.87;112.94
Nov 27, 2025 7:00 AM;Nov 27, 2025 8:00 AM;122.00;105.00;93.69;86.90;89.82;96.71;90.52;78.51;134.24;129.52;90.29;134.79;130.00;-;133.50;130.02;131.65
Nov 27, 2025 8:00 AM;Nov 27, 2025 9:00 AM;123.10;111.29;116.89;90.58;93.42;99.89;99.98;81.68;130.01;148.52;93.90;134.27;135.00;-;149.67;131.38;136.56
Nov 27, 2025 9:00 AM;Nov 27, 2025 10:00 AM;106.95;101.74;98.03;80.55;82.73;87.65;95.00;76.73;118.41;136.77;82.95;130.29;130.00;-;132.55;120.12;125.74
Nov 27, 2025 10:00 AM;Nov 27, 2025 11:00 AM;90.95;93.38;89.34;76.91;77.19;80.88;88.36;74.48;114.59;110.03;78.45;125.00;111.99;-;121.25;111.51;112.93
Nov 27, 2025 11:00 AM;Nov 27, 2025 12:00 PM;88.66;91.53;89.55;75.75;70.70;81.07;85.44;73.55;104.46;112.90;76.03;122.20;115.17;-;116.07;105.78;109.22
Nov 27, 2025 12:00 PM;Nov 27, 2025 1:00 PM;87.06;90.55;86.14;73.00;73.00;78.53;86.82;73.01;100.90;130.62;72.99;119.20;101.85;-;111.31;103.93;109.98
Nov 27, 2025 1:00 PM;Nov 27, 2025 2:00 PM;85.76;94.25;86.20;70.00;69.58;79.87;86.57;71.71;108.10;164.30;69.50;119.01;111.95;-;115.49;115.32;126.50
Nov 27, 2025 2:00 PM;Nov 27, 2025 3:00 PM;89.25;103.10;86.65;70.62;71.04;84.70;90.64;70.14;123.68;208.21;71.11;128.20;129.10;-;128.45;133.28;151.24
Nov 27, 2025 3:00 PM;Nov 27, 2025 4:00 PM;90.60;106.21;85.30;69.69;69.69;81.52;91.98;69.66;128.39;232.63;69.77;132.06;137.68;-;141.02;141.02;162.96
Nov 27, 2025 4:00 PM;Nov 27, 2025 5:00 PM;90.43;112.48;86.89;73.68;73.68;84.10;92.41;72.64;136.45;261.32;73.82;135.05;147.23;-;152.16;152.16;177.28
Nov 27, 2025 5:00 PM;Nov 27, 2025 6:00 PM;97.51;110.74;101.41;76.69;76.69;101.56;98.00;74.06;132.19;209.20;76.90;135.97;135.52;-;141.35;141.35;156.80
Nov 27, 2025 6:00 PM;Nov 27, 2025 7:00 PM;101.39;105.44;106.64;72.00;72.00;107.71;93.61;72.12;135.58;151.63;72.11;136.46;140.03;-;135.73;135.73;141.83
Nov 27, 2025 7:00 PM;Nov 27, 2025 8:00 PM;88.27;98.71;90.10;67.81;66.79;93.20;87.00;69.62;135.99;147.00;67.07;131.17;130.00;-;134.05;132.25;138.58
Nov 27, 2025 8:00 PM;Nov 27, 2025 9:00 PM;85.40;88.47;85.73;60.88;55.04;86.23;79.91;65.19;131.18;113.35;55.06;128.13;112.53;-;121.00;121.71;122.67
Nov 27, 2025 9:00 PM;Nov 27, 2025 10:00 PM;80.63;78.01;80.41;57.86;31.47;82.19;78.78;64.23;112.04;101.54;31.44;121.04;97.09;-;110.33;105.52;106.28
Nov 27, 2025 10:00 PM;Nov 27, 2025 11:00 PM;85.10;72.65;91.62;55.01;10.95;89.05;66.70;62.24;98.04;106.83;10.83;115.78;92.11;-;106.17;95.94;96.27
Nov 27, 2025 11:00 PM;Nov 28, 2025 12:00 AM;69.46;63.40;75.48;52.46;5.61;74.08;55.82;55.80;75.29;104.84;5.35;111.80;80.92;-;104.35;75.64;75.91
Nov 28, 2025 12:00 AM;Nov 28, 2025 1:00 AM;60.84;60.83;59.89;39.68;9.91;62.10;59.11;55.99;90.75;97.01;9.60;103.03;82.13;-;105.99;88.04;87.52
Nov 28, 2025 1:00 AM;Nov 28, 2025 2:00 AM;55.00;58.42;57.01;40.81;18.27;58.30;54.81;49.16;69.50;93.35;12.50;99.77;89.18;-;103.61;70.74;72.44
Nov 28, 2025 2:00 AM;Nov 28, 2025 3:00 AM;52.93;56.11;52.91;38.00;21.10;55.11;51.98;50.47;72.34;88.00;7.15;99.26;80.93;-;102.20;72.08;72.81
Nov 28, 2025 3:00 AM;Nov 28, 2025 4:00 AM;47.88;54.30;46.81;37.99;13.00;49.57;45.80;46.36;84.96;91.10;6.65;99.66;75.43;-;100.00;81.67;81.02
Nov 28, 2025 4:00 AM;Nov 28, 2025 5:00 AM;58.38;56.67;54.06;38.89;9.87;51.52;53.28;50.96;74.31;98.67;2.66;99.70;89.44;-;100.25;75.03;75.44
Nov 28, 2025 5:00 AM;Nov 28, 2025 6:00 AM;61.04;62.63;58.39;42.38;7.39;59.30;58.11;52.91;107.43;104.97;2.34;102.38;93.27;-;105.34;103.21;102.41
Nov 28, 2025 6:00 AM;Nov 28, 2025 7:00 AM;82.86;75.42;75.41;48.50;9.99;74.95;78.69;60.68;136.29;110.81;5.90;119.31;109.09;-;124.14;122.59;122.94
Nov 28, 2025 7:00 AM;Nov 28, 2025 8:00 AM;87.82;97.60;88.17;72.53;53.61;87.82;81.62;66.36;144.05;149.76;53.68;131.00;145.00;-;143.54;143.54;159.11
Nov 28, 2025 8:00 AM;Nov 28, 2025 9:00 AM;100.48;106.88;102.83;76.32;70.50;103.37;97.45;71.35;137.96;162.50;70.60;132.81;150.00;-;160.05;140.65;149.05
Nov 28, 2025 9:00 AM;Nov 28, 2025 10:00 AM;103.40;102.24;104.35;73.72;62.23;101.97;103.80;71.44;136.94;134.87;60.03;130.27;145.00;-;148.57;135.51;138.86
Nov 28, 2025 10:00 AM;Nov 28, 2025 11:00 AM;97.85;96.29;96.69;73.70;70.66;88.04;96.91;71.48;126.98;113.77;70.14;122.90;127.96;-;131.22;121.97;124.34
Nov 28, 2025 11:00 AM;Nov 28, 2025 12:00 PM;102.82;90.53;100.33;67.62;64.75;77.89;94.75;69.88;122.41;109.29;64.27;118.00;106.63;-;124.15;114.88;114.74
Nov 28, 2025 12:00 PM;Nov 28, 2025 1:00 PM;98.71;92.13;94.66;68.44;67.51;77.35;96.29;70.30;114.95;117.17;67.55;113.42;125.82;-;115.51;115.06;118.57
Nov 28, 2025 1:00 PM;Nov 28, 2025 2:00 PM;99.45;93.51;93.92;69.20;68.17;71.75;96.30;71.05;113.47;146.52;68.43;111.91;117.87;-;117.15;117.35;125.17
Nov 28, 2025 2:00 PM;Nov 28, 2025 3:00 PM;98.79;103.56;86.17;69.56;68.11;69.05;78.00;70.47;130.13;233.34;68.22;121.17;145.00;-;124.60;142.44;171.60
Nov 28, 2025 3:00 PM;Nov 28, 2025 4:00 PM;104.67;101.27;88.82;71.99;70.98;74.73;100.44;69.80;128.95;175.73;71.17;129.06;132.29;-;129.01;132.95;143.63
Nov 28, 2025 4:00 PM;Nov 28, 2025 5:00 PM;103.40;101.97;89.30;70.09;70.01;82.82;94.13;68.92;133.46;196.50;46.63;129.80;140.00;-;137.70;140.07;153.65
Nov 28, 2025 5:00 PM;Nov 28, 2025 6:00 PM;96.16;96.78;92.03;68.23;68.21;91.15;94.90;67.11;137.98;159.55;24.12;133.57;127.75;-;135.25;135.25;141.88
Nov 28, 2025 6:00 PM;Nov 28, 2025 7:00 PM;98.13;96.17;97.30;65.30;65.29;100.31;91.53;64.82;138.75;135.44;39.55;128.12;131.47;-;135.89;133.78;136.63
Nov 28, 2025 7:00 PM;Nov 28, 2025 8:00 PM;93.32;91.86;93.24;58.88;58.86;96.28;91.96;61.72;137.95;134.88;20.25;127.70;128.79;-;134.67;132.35;135.42
Nov 28, 2025 8:00 PM;Nov 28, 2025 9:00 PM;88.46;85.84;87.17;56.39;55.92;89.90;85.97;59.80;134.13;118.32;20.40;123.00;113.27;-;124.17;124.17;124.63
Nov 28, 2025 9:00 PM;Nov 28, 2025 10:00 PM;85.41;79.68;84.16;53.44;44.52;86.29;83.34;59.21;124.93;102.55;19.99;112.55;105.49;-;117.25;114.83;113.92
Nov 28, 2025 10:00 PM;Nov 28, 2025 11:00 PM;85.54;78.08;84.68;52.65;37.10;86.45;83.98;56.89;119.61;109.33;19.20;106.12;102.86;-;118.79;111.28;110.88
Nov 28, 2025 11:00 PM;Nov 29, 2025 12:00 AM;77.83;71.13;77.18;54.04;25.29;78.34;76.69;56.34;96.69;110.65;13.84;103.82;89.57;-;108.21;94.78;94.04
Nov 29, 2025 12:00 AM;Nov 29, 2025 1:00 AM;81.73;72.24;80.90;47.00;33.75;82.02;80.42;57.74;100.05;106.20;5.30;110.57;90.65;-;111.16;97.85;96.77
Nov 29, 2025 1:00 AM;Nov 29, 2025 2:00 AM;80.90;71.26;80.25;53.02;31.12;81.15;79.86;56.62;95.42;105.72;4.56;108.10;87.98;-;105.14;93.68;92.77
Nov 29, 2025 2:00 AM;Nov 29, 2025 3:00 AM;81.34;72.06;81.32;54.97;36.47;81.36;81.01;56.80;91.53;105.21;3.99;107.41;92.63;-;103.71;91.12;91.14
Nov 29, 2025 3:00 AM;Nov 29, 2025 4:00 AM;82.56;71.73;80.96;57.00;40.27;73.91;81.58;58.72;89.92;104.99;0.97;105.95;94.76;-;106.28;90.27;90.53
Nov 29, 2025 4:00 AM;Nov 29, 2025 5:00 AM;85.70;72.16;81.40;56.69;47.13;64.80;83.31;58.58;91.26;106.21;3.85;105.10;95.42;-;106.94;91.80;91.77
Nov 29, 2025 5:00 AM;Nov 29, 2025 6:00 AM;90.00;75.26;85.48;56.50;51.86;69.72;87.12;58.55;98.03;111.56;3.08;106.80;99.20;-;103.27;98.05;97.68
Nov 29, 2025 6:00 AM;Nov 29, 2025 7:00 AM;90.89;76.83;87.40;58.28;52.35;75.90;88.85;59.99;104.83;106.77;4.91;111.51;94.38;-;107.34;100.75;99.46
Nov 29, 2025 7:00 AM;Nov 29, 2025 8:00 AM;96.18;83.06;96.00;63.74;62.06;80.46;85.25;65.79;121.03;107.77;7.61;120.00;103.99;-;119.08;114.60;113.07
Nov 29, 2025 8:00 AM;Nov 29, 2025 9:00 AM;89.15;86.58;89.37;68.39;68.38;90.52;88.76;67.81;124.38;106.19;17.62;122.96;108.02;-;120.55;116.11;115.36
Nov 29, 2025 9:00 AM;Nov 29, 2025 10:00 AM;101.58;87.08;96.38;72.40;72.38;80.55;98.13;70.00;116.34;106.62;18.90;119.00;107.22;-;113.70;112.54;111.32
Nov 29, 2025 10:00 AM;Nov 29, 2025 11:00 AM;101.44;83.01;92.68;72.12;72.10;62.88;96.61;70.95;104.94;105.69;20.58;110.85;103.72;-;105.51;105.51;104.96
Nov 29, 2025 11:00 AM;Nov 29, 2025 12:00 PM;95.26;80.23;85.29;72.25;72.23;50.06;89.91;72.06;102.24;103.62;21.34;109.54;104.02;-;103.43;103.43;103.33
Nov 29, 2025 12:00 PM;Nov 29, 2025 1:00 PM;86.10;79.32;78.64;72.40;72.38;50.53;81.79;73.09;100.08;106.42;23.34;106.83;107.01;-;101.51;101.51;103.37
Nov 29, 2025 1:00 PM;Nov 29, 2025 2:00 PM;87.96;78.44;78.32;77.41;81.87;44.39;82.47;73.98;96.33;107.74;15.95;106.89;97.47;-;98.52;98.52;99.89
Nov 29, 2025 2:00 PM;Nov 29, 2025 3:00 PM;91.73;84.17;81.96;85.85;85.83;47.64;85.85;73.10;102.81;125.16;22.20;111.28;104.20;-;105.10;106.28;109.39
Nov 29, 2025 3:00 PM;Nov 29, 2025 4:00 PM;102.72;91.89;92.50;89.00;88.98;56.85;96.58;73.59;114.51;138.30;24.31;120.08;116.09;-;116.70;118.22;121.57
Nov 29, 2025 4:00 PM;Nov 29, 2025 5:00 PM;102.65;101.41;95.88;93.00;92.97;71.72;97.48;74.64;124.57;183.01;24.90;126.37;130.98;-;127.50;132.59;142.15
Nov 29, 2025 5:00 PM;Nov 29, 2025 6:00 PM;107.09;104.24;102.30;99.52;99.49;84.25;103.38;75.87;126.22;166.96;25.51;128.18;135.00;-;130.49;132.45;139.70
Nov 29, 2025 6:00 PM;Nov 29, 2025 7:00 PM;98.13;102.76;98.25;97.00;96.98;91.09;98.22;76.25;125.90;156.49;25.47;127.49;137.26;-;134.08;131.11;138.78
Nov 29, 2025 7:00 PM;Nov 29, 2025 8:00 PM;88.43;98.84;90.72;88.43;88.41;93.10;89.36;76.37;125.51;158.92;25.45;126.00;125.00;-;135.00;127.80;136.17
Nov 29, 2025 8:00 PM;Nov 29, 2025 9:00 PM;81.11;93.42;84.15;81.11;81.09;86.73;82.42;75.33;117.01;141.07;25.07;123.60;130.00;-;130.73;120.80;128.67
Nov 29, 2025 9:00 PM;Nov 29, 2025 10:00 PM;80.80;87.64;80.76;78.39;78.37;81.73;79.87;75.35;119.65;124.62;24.91;116.51;103.90;-;120.10;114.57;117.77
Nov 29, 2025 10:00 PM;Nov 29, 2025 11:00 PM;83.49;88.71;86.26;75.45;75.43;88.15;85.00;74.65;106.93;120.33;24.60;114.00;125.00;-;118.29;111.00;116.41
Nov 29, 2025 11:00 PM;Nov 30, 2025 12:00 AM;77.73;83.84;80.25;74.49;74.47;81.95;78.94;73.79;97.57;107.62;24.61;109.66;118.93;-;118.50;99.90;103.01
Nov 30, 2025 12:00 AM;Nov 30, 2025 1:00 AM;75.97;78.08;75.39;61.22;61.20;76.85;74.76;70.03;103.08;105.74;31.33;110.00;89.30;-;105.64;97.28;97.08
Nov 30, 2025 1:00 AM;Nov 30, 2025 2:00 AM;69.78;75.99;68.98;64.06;64.05;70.76;68.15;65.91;103.02;108.10;29.79;104.69;88.43;-;104.92;95.33;94.01
Nov 30, 2025 2:00 AM;Nov 30, 2025 3:00 AM;67.44;72.75;66.94;60.92;60.90;68.50;66.20;63.78;95.00;106.53;24.87;102.28;84.29;-;105.10;88.89;87.95
Nov 30, 2025 3:00 AM;Nov 30, 2025 4:00 AM;65.36;69.52;64.80;56.20;47.72;66.40;64.07;58.79;94.07;106.29;22.64;101.19;82.53;-;105.01;87.62;86.60
Nov 30, 2025 4:00 AM;Nov 30, 2025 5:00 AM;67.00;67.28;66.21;53.51;30.30;65.96;65.78;56.29;90.88;105.37;23.46;99.49;82.84;-;104.33;85.88;85.18
Nov 30, 2025 5:00 AM;Nov 30, 2025 6:00 AM;74.29;67.85;71.52;48.93;22.80;66.45;71.87;53.82;99.09;104.61;21.52;101.34;84.41;-;102.21;92.76;91.25
Nov 30, 2025 6:00 AM;Nov 30, 2025 7:00 AM;75.58;69.48;72.20;53.12;22.42;65.21;72.79;55.42;103.04;106.13;21.03;106.20;86.77;-;103.04;96.07;94.38
Nov 30, 2025 7:00 AM;Nov 30, 2025 8:00 AM;75.98;72.37;74.23;57.00;25.97;69.37;74.63;62.68;107.59;106.64;24.68;109.00;84.29;-;106.25;98.52;96.05
Nov 30, 2025 8:00 AM;Nov 30, 2025 9:00 AM;79.84;75.15;78.28;58.11;38.22;73.84;78.67;67.99;103.02;106.89;27.32;108.74;85.56;-;105.45;96.33;94.51
Nov 30, 2025 9:00 AM;Nov 30, 2025 10:00 AM;80.65;78.27;81.55;59.30;49.79;81.74;81.06;68.05;92.88;107.23;30.94;106.00;102.45;-;102.46;93.15;94.12
Nov 30, 2025 10:00 AM;Nov 30, 2025 11:00 AM;84.42;76.49;81.51;56.63;58.33;71.43;82.72;67.60;89.90;107.90;41.11;98.43;85.86;-;97.28;88.48;87.84
Nov 30, 2025 11:00 AM;Nov 30, 2025 12:00 PM;81.54;74.46;77.55;54.88;56.53;63.02;79.23;64.91;90.00;108.61;40.85;96.03;87.40;-;90.59;88.47;87.88
Nov 30, 2025 12:00 PM;Nov 30, 2025 1:00 PM;80.70;76.17;79.51;55.84;57.49;74.07;80.00;65.55;85.56;109.84;43.35;97.00;89.69;-;95.59;85.66;85.98
Nov 30, 2025 1:00 PM;Nov 30, 2025 2:00 PM;82.52;75.79;79.38;55.68;57.37;68.39;80.73;66.01;94.02;105.72;42.16;97.60;86.62;-;97.88;91.29;90.86
Nov 30, 2025 2:00 PM;Nov 30, 2025 3:00 PM;87.55;78.79;82.60;56.80;58.56;62.38;84.84;67.22;97.69;110.09;43.38;100.90;102.21;-;104.61;99.95;102.37
Nov 30, 2025 3:00 PM;Nov 30, 2025 4:00 PM;93.58;83.87;87.34;60.12;61.70;61.83;90.00;68.97;107.09;110.59;49.39;110.57;115.00;-;117.26;108.95;110.67
Nov 30, 2025 4:00 PM;Nov 30, 2025 5:00 PM;92.81;92.52;91.23;64.15;65.10;83.82;91.21;70.45;127.77;116.44;56.53;119.24;131.80;-;126.34;125.00;126.52
Nov 30, 2025 5:00 PM;Nov 30, 2025 6:00 PM;104.05;99.25;103.12;70.56;70.56;99.27;102.94;71.71;130.06;119.87;67.01;125.48;131.20;-;127.63;127.35;128.12
Nov 30, 2025 6:00 PM;Nov 30, 2025 7:00 PM;106.21;99.28;106.14;68.30;68.29;105.38;105.63;71.32;131.62;121.03;55.50;127.26;131.62;-;129.22;128.62;130.11
Nov 30, 2025 7:00 PM;Nov 30, 2025 8:00 PM;104.13;98.86;104.96;66.74;66.73;106.81;104.04;69.10;131.57;125.52;53.54;126.06;132.39;-;131.05;129.39;132.03
Nov 30, 2025 8:00 PM;Nov 30, 2025 9:00 PM;97.52;95.03;99.11;65.39;51.24;101.42;97.91;67.83;130.08;121.32;47.51;124.35;139.20;-;129.91;128.49;130.86
Nov 30, 2025 9:00 PM;Nov 30, 2025 10:00 PM;92.93;89.04;93.73;64.51;44.74;95.63;92.76;67.03;122.19;115.06;43.95;117.33;122.55;-;120.73;119.38;121.01
Nov 30, 2025 10:00 PM;Nov 30, 2025 11:00 PM;92.60;84.90;92.00;63.76;38.95;93.60;91.33;66.15;121.33;107.42;38.21;113.02;108.17;-;116.23;115.11;114.62
Nov 30, 2025 11:00 PM;Dec 1, 2025 12:00 AM;87.13;77.71;86.81;64.57;24.43;87.71;86.40;66.70;103.09;105.34;24.09;109.00;96.66;-;107.20;99.49;98.89
