Start date,PD_0_25,LD_0_25,RES_0_25,IMB_0_25,RIM_0_100
2025-11-20 00:00:00+01:00,12.5,12.5,12.5,12.5,50.0
2025-11-20 01:00:00+01:00,12.5,12.5,12.5,12.5,50.0
2025-11-20 02:00:00+01:00,12.5,12.5,12.5,12.5,50.0
2025-11-20 03:00:00+01:00,12.5,12.5,12.5,12.5,50.0
2025-11-20 04:00:00+01:00,12.5,12.5,12.5,12.5,50.0
2025-11-20 05:00:00+01:00,3.25934075315841,12.5,7.919542751249237,12.5,34.33075165503933
2025-11-20 06:00:00+01:00,2.665367348591478,12.5,9.438648956966707,12.5,35.13708977527648
2025-11-20 07:00:00+01:00,22.753648968319805,12.5,17.250081375343278,12.5,67.05446013732706
2025-11-20 08:00:00+01:00,21.962093891250273,12.5,16.273410330730524,12.5,65.12792300023085
2025-11-20 09:00:00+01:00,20.821940510400914,12.5,10.608217120714814,12.5,58.09454573319591
2025-11-20 10:00:00+01:00,18.21162476033879,12.5,14.871107287307902,12.5,59.22505699971445
2025-11-20 11:00:00+01:00,15.311281127578164,12.5,14.019340624719092,12.5,54.89287797781289
2025-11-20 12:00:00+01:00,10.925552027573811,12.5,12.11306118869175,12.5,47.72372362178032
2025-11-20 13:00:00+01:00,10.372488667392899,12.5,13.80353929853233,12.5,48.75052569940381
2025-11-20 14:00:00+01:00,10.410119796234529,12.5,16.5923941903322,12.5,51.584537945813636
2025-11-20 15:00:00+01:00,16.952336994488228,12.5,12.364504235284542,12.5,55.20730862867042
2025-11-20 16:00:00+01:00,21.96532412308663,12.5,20.410094691582536,12.5,69.2684836392865
2025-11-20 17:00:00+01:00,18.724053527079445,12.5,18.782723847208707,12.5,63.75158807970404
2025-11-20 18:00:00+01:00,13.665693882869556,12.5,20.14290017648605,12.5,59.04173283592952
2025-11-20 19:00:00+01:00,14.053625455775535,12.5,18.412966823643675,12.5,57.777317370574316
2025-11-20 20:00:00+01:00,15.07154369232128,12.5,15.741015161683395,12.5,56.32686759246893
2025-11-20 21:00:00+01:00,15.40911169146747,12.5,5.828432838691083,12.5,46.81936686845204
2025-11-20 22:00:00+01:00,10.990161771387086,12.5,6.475463393104411,12.5,42.163657518768915
2025-11-20 23:00:00+01:00,8.339700377188239,12.5,5.709953895146789,12.5,38.217594347772675
2025-11-21 00:00:00+01:00,14.551060266937332,12.5,5.944213473114196,12.5,45.905485793439
2025-11-21 01:00:00+01:00,9.586484051363326,12.5,7.10876437904559,12.5,41.112545240681584
2025-11-21 02:00:00+01:00,9.084095123082196,12.5,8.150657494150519,12.5,41.55157164184915
2025-11-21 03:00:00+01:00,10.099400824355051,12.5,7.007829616385641,12.5,41.627110605611705
2025-11-21 04:00:00+01:00,11.803214388975562,12.5,7.075858646938463,12.5,43.739715913709134
2025-11-21 05:00:00+01:00,12.188269147480476,12.5,4.751661395788713,12.5,41.877584372765284
2025-11-21 06:00:00+01:00,21.41886371584313,12.5,7.100550181528148,12.5,55.303186640539906
2025-11-21 07:00:00+01:00,17.53225782629091,12.5,11.382540627606023,12.5,54.92125001915511
2025-11-21 08:00:00+01:00,15.173103122276244,12.5,13.304350870421683,12.5,54.012074617153175
2025-11-21 09:00:00+01:00,13.082225377255025,12.5,6.226968766363237,12.5,44.42563921906927
2025-11-21 10:00:00+01:00,17.74818816852502,12.5,5.620090299732435,12.5,49.417916101962454
2025-11-21 11:00:00+01:00,17.334347725428028,12.5,5.021463899965872,12.5,48.322681170479505
2025-11-21 12:00:00+01:00,12.866291685366424,12.5,4.146102167634908,12.5,42.08565219007461
2025-11-21 13:00:00+01:00,16.640576111501808,12.5,6.164799901883285,12.5,48.633491235685455
2025-11-21 14:00:00+01:00,19.660772343271997,12.5,10.517260241758642,12.5,56.61018705368504
2025-11-21 15:00:00+01:00,24.0155791593501,12.5,9.156328919993479,12.5,60.4750239112136
2025-11-21 16:00:00+01:00,24.4161456248302,12.5,3.8710287487669235,12.5,55.67040349856317
2025-11-21 17:00:00+01:00,21.21022125790116,12.5,13.856775100518584,12.5,61.809040609999975
2025-11-21 18:00:00+01:00,14.430422334364486,12.5,17.389543729909036,12.5,57.20605053114642
2025-11-21 19:00:00+01:00,8.977314487921042,12.5,24.248426934930663,12.5,57.52120432043591
2025-11-21 20:00:00+01:00,9.071241356209187,12.5,22.4763983104663,12.5,55.861887937917324
2025-11-21 21:00:00+01:00,9.158880046045429,12.5,17.0865176649184,12.5,50.57717372017291
2025-11-21 22:00:00+01:00,7.213250926383835,12.5,13.782372873961474,12.5,44.938273985622075
2025-11-21 23:00:00+01:00,5.563056548854065,12.5,3.7301771114096214,12.5,32.905844970034494
2025-11-22 00:00:00+01:00,8.61584309584805,12.5,14.574852659116106,12.5,47.413864374133766
2025-11-22 01:00:00+01:00,7.192109651678141,12.5,11.91980688248511,12.5,43.05033846449888
2025-11-22 02:00:00+01:00,5.989333073166925,12.5,10.9938383682853,12.5,40.68103805608561
2025-11-22 03:00:00+01:00,6.157516539361185,12.5,18.911979135142857,12.5,48.80099898237628
2025-11-22 04:00:00+01:00,8.95008578351715,12.5,18.994233263314612,12.5,52.23433620353519
2025-11-22 05:00:00+01:00,10.258735142696064,12.5,18.968011887234344,12.5,53.77849405846962
2025-11-22 06:00:00+01:00,14.473973993604755,12.5,23.80646869988108,12.5,63.67523749220679
2025-11-22 07:00:00+01:00,20.192205237742595,12.5,23.074536378628153,12.5,69.80518266391927
2025-11-22 08:00:00+01:00,16.832516679311023,12.5,19.49265415707199,12.5,62.19167417224522
2025-11-22 09:00:00+01:00,6.51579770073292,12.5,22.261671875605103,12.5,52.5806291164846
2025-11-22 10:00:00+01:00,4.58809481787536,12.5,21.29584588609425,12.5,49.30155966754468
2025-11-22 11:00:00+01:00,4.658778384273031,12.5,20.63516808918862,12.5,48.72570215031626
2025-11-22 12:00:00+01:00,4.918324703791117,12.5,20.162759356799263,12.5,48.5647490013486
2025-11-22 13:00:00+01:00,4.470944562136106,12.5,19.842852383479308,12.5,47.70798585804263
2025-11-22 14:00:00+01:00,4.237520784843785,12.5,19.52100705303672,12.5,47.10603199484926
2025-11-22 15:00:00+01:00,5.029261813984766,12.5,13.720417389023865,12.5,42.25553156580558
2025-11-22 16:00:00+01:00,8.900505695710498,12.5,17.493144141013993,12.5,50.67375097586659
2025-11-22 17:00:00+01:00,17.291305044055875,12.5,17.74894862358677,12.5,60.99851467645382
2025-11-22 18:00:00+01:00,15.83714406263873,12.5,16.797639926861315,12.5,58.30221280202779
2025-11-22 19:00:00+01:00,10.980178769503958,12.5,15.133253070248125,12.5,50.809467593652876
2025-11-22 20:00:00+01:00,6.116652385314166,12.5,18.75553310061212,12.5,48.59551596298912
2025-11-22 21:00:00+01:00,15.844711700613475,12.5,18.45768700828836,12.5,59.97134104902453
2025-11-22 22:00:00+01:00,17.851335701695064,12.5,18.337713115553846,12.5,62.25931595758792
2025-11-22 23:00:00+01:00,15.61948335257511,12.5,7.86514587098806,12.5,49.10852589407819
2025-11-23 00:00:00+01:00,19.63316133811226,12.5,7.364990444391001,12.5,53.42478405012571
2025-11-23 01:00:00+01:00,18.182624123518657,12.5,3.1069736916875326,12.5,47.42612263990993
2025-11-23 02:00:00+01:00,16.468197098429297,12.5,5.060713322409829,12.5,47.32254984052499
2025-11-23 03:00:00+01:00,12.790561835709275,12.5,4.865099591564635,12.5,42.713773794415765
2025-11-23 04:00:00+01:00,11.621956069760051,12.5,5.040403684074928,12.5,41.48675096778699
2025-11-23 05:00:00+01:00,12.487044771236828,12.5,5.19365000623548,12.5,42.67810373171967
2025-11-23 06:00:00+01:00,8.270882743793802,12.5,18.055665949014006,12.5,50.48072524156657
2025-11-23 07:00:00+01:00,8.235200463769187,12.5,17.790725823460495,12.5,50.17296637998352
2025-11-23 08:00:00+01:00,4.925695016755058,12.5,8.149166088588412,12.5,36.56000010869448
2025-11-23 09:00:00+01:00,4.003685232303954,12.5,17.87937832949344,12.5,45.18380060825818
2025-11-23 10:00:00+01:00,4.050059297372444,12.5,17.48279101501116,12.5,44.84286217185809
2025-11-23 11:00:00+01:00,4.514944091684861,12.5,17.176886073224992,12.5,45.094818983246824
2025-11-23 12:00:00+01:00,5.066851181269976,12.5,17.04848195204057,12.5,45.62870336956455
2025-11-23 13:00:00+01:00,4.298661937874641,12.5,17.06558922721793,12.5,44.723983552667505
2025-11-23 14:00:00+01:00,3.919492683814724,12.5,16.91524501898979,12.5,44.11863623956746
2025-11-23 15:00:00+01:00,4.361799898378194,12.5,9.098093553176929,12.5,36.83225343123076
2025-11-23 16:00:00+01:00,2.683076943941945,12.5,17.068261818882345,12.5,42.78795415161268
2025-11-23 17:00:00+01:00,4.00705461087839,12.5,17.558490682389575,12.5,44.86695621544364
2025-11-23 18:00:00+01:00,4.503074751954668,12.5,18.187514624109877,12.5,46.09120432645548
2025-11-23 19:00:00+01:00,5.7717184041312475,12.5,17.958916217652984,12.5,47.38497830261048
2025-11-23 20:00:00+01:00,6.677412686827042,12.5,17.220915844483645,12.5,47.73381106867609
2025-11-23 21:00:00+01:00,9.82932226888072,12.5,17.288548916605407,12.5,51.58373563926227
2025-11-23 22:00:00+01:00,12.643283473333666,12.5,17.213018415614673,12.5,54.884958583615074
2025-11-23 23:00:00+01:00,15.041706819085821,12.5,4.4723663412614325,12.5,45.02241452416442
2025-11-24 00:00:00+01:00,16.562409719788032,12.5,4.682863627729808,12.5,47.05775529147545
2025-11-24 01:00:00+01:00,17.29894051214047,12.5,4.547246395106405,12.5,47.80597500967497
2025-11-24 02:00:00+01:00,19.419954364219944,12.5,4.530410541340063,12.5,50.33435577840399
2025-11-24 03:00:00+01:00,20.59847052192608,12.5,4.280062408600547,12.5,51.49822703491184
2025-11-24 04:00:00+01:00,20.986544529190752,12.5,4.56274614017802,12.5,52.24659957520692
2025-11-24 05:00:00+01:00,19.287934135381647,12.5,5.4624304187814925,12.5,51.107951381239474
2025-11-24 06:00:00+01:00,11.159588368774205,12.5,17.419824750150543,12.5,53.311330792679584
2025-11-24 07:00:00+01:00,8.87820509634051,12.5,2.9388815230148566,12.5,36.09272763862347
2025-11-24 08:00:00+01:00,8.172155344458954,12.5,5.575417068297149,12.5,37.88200348164789
2025-11-24 09:00:00+01:00,4.927069184686005,12.5,4.287180657388973,12.5,32.699663679012176
2025-11-24 10:00:00+01:00,5.882978467397382,12.5,3.501573100275421,12.5,33.06114726115228
2025-11-24 11:00:00+01:00,11.17143152150231,12.5,5.381093291684238,12.5,41.286811117487005
2025-11-24 12:00:00+01:00,15.461748729071598,12.5,6.266794782706222,12.5,47.32089325759214
2025-11-24 13:00:00+01:00,20.97441528154486,12.5,7.9586616463873145,12.5,55.627959984241144
2025-11-24 14:00:00+01:00,23.1302744804943,12.5,6.393808344912159,12.5,56.65013772150532
2025-11-24 15:00:00+01:00,23.189214372289495,12.5,11.136824771783399,12.5,61.463882018530796
2025-11-24 16:00:00+01:00,22.167980420497262,12.5,13.445040111094741,12.5,62.546616615691455
2025-11-24 17:00:00+01:00,23.680041301996873,12.5,7.2853726165831825,12.5,58.20142217897943
2025-11-24 18:00:00+01:00,22.906214525757136,12.5,14.726819570350747,12.5,64.71427700125932
2025-11-24 19:00:00+01:00,19.85546718385515,12.5,14.340788216085876,12.5,60.66734883671206
2025-11-24 20:00:00+01:00,15.682949228959247,12.5,13.85358466232125,12.5,55.173123737072345
2025-11-24 21:00:00+01:00,16.268427913722558,12.5,9.132495412784738,12.5,51.154608909251806
2025-11-24 22:00:00+01:00,15.593162434161261,12.5,8.421466976892747,12.5,49.63326189788626
2025-11-24 23:00:00+01:00,14.12580805482489,12.5,7.37510230776096,12.5,46.826071973550825
2025-11-25 00:00:00+01:00,14.433674781907882,12.5,7.784255766115143,12.5,47.6046655044046
2025-11-25 01:00:00+01:00,14.969751657611969,12.5,8.163105513811102,12.5,48.62680750294546
2025-11-25 02:00:00+01:00,15.08551328523629,12.5,3.577130774930443,12.5,44.179746717213995
2025-11-25 03:00:00+01:00,15.365229063190652,12.5,4.081848330285092,12.5,45.02012320611387
2025-11-25 04:00:00+01:00,15.931271858389136,12.5,4.825006514406832,12.5,46.442532744473795
2025-11-25 05:00:00+01:00,16.109416252799974,12.5,5.844145212878211,12.5,47.67544471623818
2025-11-25 06:00:00+01:00,8.105771925820973,12.5,8.219177719120736,12.5,40.4461040301059
2025-11-25 07:00:00+01:00,23.76818878161272,12.5,10.319152023902848,12.5,61.340978561838114
2025-11-25 08:00:00+01:00,23.237752635522625,12.5,13.679530128848619,12.5,64.06483329147576
2025-11-25 09:00:00+01:00,20.122975784616337,12.5,9.263140613051855,12.5,55.91071155459145
2025-11-25 10:00:00+01:00,19.920662770734015,12.5,11.861899952928773,12.5,58.266695277809596
2025-11-25 11:00:00+01:00,23.366281439114168,12.5,8.352004753103595,12.5,58.89154248004059
2025-11-25 12:00:00+01:00,23.435428220556254,12.5,10.691161814512801,12.5,61.31367567918031
2025-11-25 13:00:00+01:00,20.855610804065012,12.5,14.281703647571053,12.5,61.80843661244907
2025-11-25 14:00:00+01:00,17.586193823040322,12.5,10.640918812157551,12.5,54.244351399805936
2025-11-25 15:00:00+01:00,17.317043046007022,12.5,16.009331119350243,12.5,59.28978277455867
2025-11-25 16:00:00+01:00,12.635190911762113,12.5,5.211388529095149,12.5,42.87361762320968
2025-11-25 17:00:00+01:00,18.960769467516414,12.5,5.11668493145851,12.5,50.369608292478205
2025-11-25 18:00:00+01:00,14.19297337711288,12.5,4.810047813359275,12.5,44.34161586589473
2025-11-25 19:00:00+01:00,12.93379069085593,12.5,16.087765800424243,12.5,54.10831462945136
2025-11-25 20:00:00+01:00,8.360650938947206,12.5,10.882083271953645,12.5,43.41486439869029
2025-11-25 21:00:00+01:00,7.00649871569764,12.5,6.289328755243131,12.5,37.197127214080304
2025-11-25 22:00:00+01:00,6.715219021819204,12.5,20.035958559572737,12.5,50.59422138575579
2025-11-25 23:00:00+01:00,6.1712522311053615,12.5,20.846546573793436,12.5,50.75204925111987
2025-11-26 00:00:00+01:00,5.793691756455445,12.5,20.189291816571174,12.5,49.64172192431771
2025-11-26 01:00:00+01:00,5.896435981998484,12.5,20.908725693329544,12.5,50.48444887172772
2025-11-26 02:00:00+01:00,6.099164628999462,12.5,20.49470712289528,12.5,50.31370467769463
2025-11-26 03:00:00+01:00,6.330761477862078,12.5,5.903734220236048,12.5,36.00064799367054
2025-11-26 04:00:00+01:00,6.525490010055989,12.5,18.81503944842324,12.5,49.14562746049043
2025-11-26 05:00:00+01:00,6.799830854806492,12.5,17.970361189536277,12.5,48.630158215304064
2025-11-26 06:00:00+01:00,7.952073407026364,12.5,17.928137039854118,12.5,49.970625128285754
2025-11-26 07:00:00+01:00,9.871687978714403,12.5,22.941991314844422,12.5,57.28801688930171
2025-11-26 08:00:00+01:00,11.515194639111197,12.5,22.765815529150295,12.5,59.08404909608373
2025-11-26 09:00:00+01:00,9.598360126742204,12.5,18.284137519811313,12.5,52.30216967190196
2025-11-26 10:00:00+01:00,10.53315773651207,12.5,22.510185907509033,12.5,57.64997519132352
2025-11-26 11:00:00+01:00,9.146841031867382,12.5,11.503412260335818,12.5,44.97962149857668
2025-11-26 12:00:00+01:00,9.383655096536128,12.5,9.660324232327918,12.5,43.42071034817127
2025-11-26 13:00:00+01:00,10.328571392325369,12.5,11.905282801748712,12.5,46.79956847253915
2025-11-26 14:00:00+01:00,12.430671824958383,12.5,7.871807163996916,12.5,45.28861335394697
2025-11-26 15:00:00+01:00,15.219166199432967,12.5,19.368067743409,12.5,60.13106718272856
2025-11-26 16:00:00+01:00,20.6464508547496,12.5,21.190735257880856,12.5,68.46647628358038
2025-11-26 17:00:00+01:00,21.817452139972055,12.5,11.306059699464335,12.5,59.9870022674308
2025-11-26 18:00:00+01:00,13.979694194902223,12.5,20.95367392083219,12.5,60.22930695471486
2025-11-26 19:00:00+01:00,8.374992536865882,12.5,18.67188007082908,12.5,51.22187111506814
2025-11-26 20:00:00+01:00,7.484023511922724,12.5,13.79517425486041,12.5,45.27600246916768
2025-11-26 21:00:00+01:00,7.440174307405767,12.5,8.45137280271834,12.5,39.87958197160526
2025-11-26 22:00:00+01:00,7.05677780562893,12.5,4.9429726390215105,12.5,35.911106005776226
2025-11-26 23:00:00+01:00,6.1223717435066956,12.5,4.601474361696428,12.5,34.44832045390446
2025-11-27 00:00:00+01:00,6.215585807673797,12.5,22.483876837522814,12.5,52.44257980673137
2025-11-27 01:00:00+01:00,6.079980825586162,12.5,16.533305534506933,12.5,46.32928252521033
2025-11-27 02:00:00+01:00,6.0711374408720555,12.5,22.171475506511655,12.5,51.95684043555812
2025-11-27 03:00:00+01:00,6.4160569467044795,12.5,20.136361510953073,12.5,50.335629846998444
2025-11-27 04:00:00+01:00,8.015436845455296,12.5,19.823591164969713,12.5,51.94211537951607
2025-11-27 05:00:00+01:00,8.24205760056386,12.5,20.8246885353875,12.5,53.215157656064136
2025-11-27 06:00:00+01:00,15.929748639595568,12.5,13.816835582349796,12.5,55.43253394986448
2025-11-27 07:00:00+01:00,14.59627660557397,12.5,11.673954664270118,12.5,51.68948659095888
2025-11-27 08:00:00+01:00,12.404236805279387,12.5,8.512754935610142,12.5,45.89783910194541
2025-11-27 09:00:00+01:00,9.410822533858134,12.5,5.408647300337287,12.5,39.20163434096705
2025-11-27 10:00:00+01:00,6.58772627856366,12.5,15.026627442609058,12.5,45.43189897688545
2025-11-27 11:00:00+01:00,6.76139681542457,12.5,16.854938679204622,12.5,47.46861485771411
2025-11-27 12:00:00+01:00,6.865684340843398,12.5,16.618147174156867,12.5,47.35696838316895
2025-11-27 13:00:00+01:00,5.609984320841281,12.5,14.985348416904973,12.5,44.217329601914514
2025-11-27 14:00:00+01:00,4.6421048443512465,12.5,4.409833083067091,12.5,32.480358896288585
2025-11-27 15:00:00+01:00,4.697727034576092,12.5,6.2209159321419145,12.5,34.358188373633226
2025-11-27 16:00:00+01:00,3.238697345603117,12.5,11.804578219427665,12.5,38.191015034151405
2025-11-27 17:00:00+01:00,5.25731677378078,12.5,11.896384858929496,12.5,40.70516498746643
2025-11-27 18:00:00+01:00,10.301875602658889,12.5,11.402261023106563,12.5,46.26451174629723
2025-11-27 19:00:00+01:00,6.980116915970794,12.5,11.62547935104626,12.5,42.50161965021121
2025-11-27 20:00:00+01:00,11.576945399003051,12.5,13.234414130721447,12.5,49.62674860952511
2025-11-27 21:00:00+01:00,15.29246668843602,12.5,15.866055743072183,12.5,56.717015769195406
2025-11-27 22:00:00+01:00,20.004052613607836,12.5,17.210433129265574,12.5,63.71529626559498
2025-11-27 23:00:00+01:00,16.72370817517598,12.5,18.431220883651328,12.5,60.999670693862505
2025-11-28 00:00:00+01:00,13.0873899571504,12.5,7.716449581800652,12.5,45.92131753038113
2025-11-28 01:00:00+01:00,11.002720450648214,12.5,2.472728124761571,12.5,38.175992665539425
2025-11-28 02:00:00+01:00,11.188996584819538,12.5,3.030272715065997,12.5,38.95706861684944
2025-11-28 03:00:00+01:00,9.383799424364586,12.5,10.835417552863346,12.5,44.59597686210085
2025-11-28 04:00:00+01:00,14.385456308586363,12.5,16.10387416307637,12.5,55.86642173338001
2025-11-28 05:00:00+01:00,12.47577368954899,12.5,14.893736894420936,12.5,52.36466532187973
2025-11-28 06:00:00+01:00,18.478748049696705,12.5,21.061257452910734,12.5,65.73575511254678
2025-11-28 07:00:00+01:00,7.806561263276005,12.5,12.047617419726961,12.5,43.91549093565817
2025-11-28 08:00:00+01:00,10.54252207467356,12.5,6.427325087564091,12.5,41.57835157717236
2025-11-28 09:00:00+01:00,16.68176989947995,12.5,4.063444959612945,12.5,46.58156883898888
2025-11-28 10:00:00+01:00,16.810897354203046,12.5,12.538889977794787,12.5,55.21196680283844
2025-11-28 11:00:00+01:00,21.675469579991706,12.5,13.153160026241691,12.5,61.663723522231734
2025-11-28 12:00:00+01:00,18.79403357491249,12.5,13.279844811443429,12.5,58.33268510133841
2025-11-28 13:00:00+01:00,18.041361621065064,12.5,13.234949126006185,12.5,57.38458307128426
2025-11-28 14:00:00+01:00,10.386029035395246,12.5,4.091882206335612,12.5,39.055117048809905
2025-11-28 15:00:00+01:00,15.997048939078743,12.5,6.735760387880625,12.5,48.432219114775116
2025-11-28 16:00:00+01:00,13.998233357164489,12.5,11.423548339983308,12.5,50.721428368580696
2025-11-28 17:00:00+01:00,11.467819182899031,12.5,11.723605661571776,12.5,47.98498868105061
2025-11-28 18:00:00+01:00,13.906082093992255,12.5,13.326621938407698,12.5,52.5139204511984
2025-11-28 19:00:00+01:00,12.892167385684708,12.5,13.602342199814247,12.5,51.57294306263589
2025-11-28 20:00:00+01:00,13.959865174127811,12.5,13.162643377595195,12.5,52.41448158654857
2025-11-28 21:00:00+01:00,17.130265003870125,12.5,14.275946911199533,12.5,57.33226491584369
2025-11-28 22:00:00+01:00,19.245903027427424,12.5,14.821936539974992,12.5,60.417020172887895
2025-11-28 23:00:00+01:00,18.511577460370365,12.5,17.83517213737395,12.5,62.549065089818384
2025-11-29 00:00:00+01:00,20.23155728508822,12.5,15.492366031002275,12.5,62.27023477310814
2025-11-29 01:00:00+01:00,19.82760887886721,12.5,14.951572877619112,12.5,61.24470353225976
2025-11-29 02:00:00+01:00,19.092550362380678,12.5,15.149323720703995,12.5,60.560384155560804
2025-11-29 03:00:00+01:00,19.86057395605217,12.5,13.876346579985169,12.5,60.209035327247776
2025-11-29 04:00:00+01:00,20.989980213204905,12.5,13.865452644127929,12.5,61.55342889997381
2025-11-29 05:00:00+01:00,21.03908948504006,12.5,14.796643482372726,12.5,62.543550864420794
2025-11-29 06:00:00+01:00,20.241666783014928,12.5,23.556300130540393,12.5,70.34630027015831
2025-11-29 07:00:00+01:00,19.504148012593845,12.5,22.72231107514648,12.5,68.62728869025909
2025-11-29 08:00:00+01:00,8.218349365484535,12.5,21.026363601173912,12.5,53.38838283975535
2025-11-29 09:00:00+01:00,20.249235060253,12.5,14.690246267082088,12.5,61.489328339385686
2025-11-29 10:00:00+01:00,21.821828745935296,12.5,22.029233869588577,12.5,70.71542836471093
2025-11-29 11:00:00+01:00,19.556444295214543,12.5,21.20225199342395,12.5,67.1699851476814
2025-11-29 12:00:00+01:00,11.574366762475382,12.5,20.62066674999971,12.5,57.00990686497016
2025-11-29 13:00:00+01:00,14.357762649193894,12.5,20.34937312443764,12.5,60.078688303470315
2025-11-29 14:00:00+01:00,11.603929882602992,12.5,9.356372178332787,12.5,45.78108803745638
2025-11-29 15:00:00+01:00,15.187564677873775,12.5,3.318003636348536,12.5,44.04308124979707
2025-11-29 16:00:00+01:00,4.765011149584096,12.5,9.851606512611006,12.5,38.069619892111916
2025-11-29 17:00:00+01:00,5.740483289967354,12.5,10.35997352896924,12.5,39.74855347693006
2025-11-29 18:00:00+01:00,2.0324416266867082,12.5,10.285300567388536,12.5,35.224230519412586
2025-11-29 19:00:00+01:00,1.3729199588213892,12.5,11.808632789656286,12.5,35.95613674024195
2025-11-29 20:00:00+01:00,1.7327067009531059,12.5,20.61700283500777,12.5,45.196250876151495
2025-11-29 21:00:00+01:00,3.8897321350119487,12.5,19.948815114899457,12.5,47.11649367691379
2025-11-29 22:00:00+01:00,5.078787978172547,12.5,19.131195962499593,12.5,47.72574153630665
2025-11-29 23:00:00+01:00,5.139041096472406,12.5,19.38424235284881,12.5,48.0510916686157
2025-11-30 00:00:00+01:00,7.579490001619379,12.5,8.770325684310091,12.5,40.36571368625334
2025-11-30 01:00:00+01:00,5.84303261024754,12.5,6.035404997120295,12.5,35.547044129417344
2025-11-30 02:00:00+01:00,6.698100599374691,12.5,5.964524603888514,12.5,36.50224532313814
2025-11-30 03:00:00+01:00,7.68776038455819,12.5,6.120724366742687,12.5,37.84603682821251
2025-11-30 04:00:00+01:00,10.388924381955691,12.5,5.774423915483248,12.5,40.74113317383008
2025-11-30 05:00:00+01:00,15.277963725227895,12.5,5.535120543049743,12.5,46.36867701332322
2025-11-30 06:00:00+01:00,15.366624968243558,12.5,17.71060486687137,12.5,58.65055482876364
2025-11-30 07:00:00+01:00,13.920371912686386,12.5,19.92695805599876,12.5,59.13140435122242
2025-11-30 08:00:00+01:00,14.657761691766142,12.5,15.453347376713872,12.5,55.54266140683324
2025-11-30 09:00:00+01:00,13.346239381188393,12.5,11.041014751534254,12.5,49.55650200896032
2025-11-30 10:00:00+01:00,18.272746259165768,12.5,17.833026413836773,12.5,62.260321924835694
2025-11-30 11:00:00+01:00,18.26116533739909,12.5,18.226672788847154,12.5,62.64007119372606
2025-11-30 12:00:00+01:00,16.303767832769456,12.5,18.665265806903612,12.5,60.72978720622696
2025-11-30 13:00:00+01:00,18.318360545404474,12.5,18.615163891426974,12.5,63.09719654591234
2025-11-30 14:00:00+01:00,19.68292166485215,12.5,8.806448010466864,12.5,54.925954008289445
2025-11-30 15:00:00+01:00,20.370766766863035,12.5,14.40398879177978,12.5,61.34890891201542
2025-11-30 16:00:00+01:00,12.477310722677698,12.5,8.963846886086364,12.5,46.4366197532996
2025-11-30 17:00:00+01:00,16.666133510686713,12.5,9.130208896980108,12.5,51.629569109804166
2025-11-30 18:00:00+01:00,18.010505267303024,12.5,18.20933924840153,12.5,62.321945569165166
2025-11-30 19:00:00+01:00,16.276173922405977,12.5,17.919709611681803,12.5,59.95111831856898
2025-11-30 20:00:00+01:00,12.908866803233149,12.5,17.864262565270526,12.5,55.854902729150304
2025-11-30 21:00:00+01:00,14.13776204616101,12.5,17.852399504529195,12.5,57.31771395992241
2025-11-30 22:00:00+01:00,18.096692987130766,12.5,17.69881292925418,12.5,61.9148445138111
2025-11-30 23:00:00+01:00,19.462584695149033,12.5,18.3657846362193,12.5,64.22088627039814
2025-12-01 00:00:00+01:00,12.5,12.5,17.963590622048955,12.5,55.463590622048955
2025-12-01 01:00:00+01:00,12.5,12.5,17.590583420847437,12.5,55.09058342084744
2025-12-01 02:00:00+01:00,12.5,12.5,17.239885141508875,12.5,54.73988514150888
2025-12-01 03:00:00+01:00,12.5,12.5,16.906880038339843,12.5,54.40688003833984
2025-12-01 04:00:00+01:00,12.5,12.5,16.623597200773236,12.5,54.12359720077323
2025-12-01 05:00:00+01:00,12.5,12.5,16.467635608478815,12.5,53.967635608478815
2025-12-01 06:00:00+01:00,12.5,12.5,16.30313487067703,12.5,53.80313487067703
2025-12-01 07:00:00+01:00,12.5,12.5,16.416929425539767,12.5,53.91692942553976
2025-12-01 08:00:00+01:00,12.5,12.5,16.125080759287165,12.5,53.625080759287165
2025-12-01 09:00:00+01:00,12.5,12.5,15.756818560266433,12.5,53.25681856026643
2025-12-01 10:00:00+01:00,12.5,12.5,15.612146738618232,12.5,53.112146738618236
2025-12-01 11:00:00+01:00,12.5,12.5,15.506353045441223,12.5,53.00635304544122
2025-12-01 12:00:00+01:00,12.5,12.5,15.451860627152008,12.5,52.95186062715201
2025-12-01 13:00:00+01:00,12.5,12.5,15.394357441772529,12.5,52.89435744177253
2025-12-01 14:00:00+01:00,12.5,12.5,15.033586359213762,12.5,52.533586359213764
2025-12-01 15:00:00+01:00,12.5,12.5,14.669134449612697,12.5,52.1691344496127
2025-12-01 16:00:00+01:00,12.5,12.5,14.201686164587807,12.5,51.701686164587805
2025-12-01 17:00:00+01:00,12.5,12.5,15.59598656929832,12.5,53.09598656929832
2025-12-01 18:00:00+01:00,12.5,12.5,15.206107797019744,12.5,52.70610779701974
2025-12-01 19:00:00+01:00,12.5,12.5,14.812989505346827,12.5,52.31298950534683
2025-12-01 20:00:00+01:00,12.5,12.5,14.356146659839952,12.5,51.85614665983995
2025-12-01 21:00:00+01:00,12.5,12.5,13.798513733684658,12.5,51.29851373368466
2025-12-01 22:00:00+01:00,12.5,12.5,12.5,12.5,50.0
2025-12-01 23:00:00+01:00,12.5,12.5,12.5,12.5,50.0
2025-12-02 00:00:00+01:00,12.5,12.5,12.5,12.5,50.0
2025-12-02 01:00:00+01:00,12.5,12.5,12.5,12.5,50.0
2025-12-02 02:00:00+01:00,12.5,12.5,12.5,12.5,50.0
2025-12-02 03:00:00+01:00,12.5,12.5,12.5,12.5,50.0
2025-12-02 04:00:00+01:00,12.5,12.5,12.5,12.5,50.0
2025-12-02 05:00:00+01:00,12.5,12.5,12.5,12.5,50.0
2025-12-02 06:00:00+01:00,12.5,12.5,12.5,12.5,50.0
2025-12-02 07:00:00+01:00,12.5,12.5,12.5,12.5,50.0
2025-12-02 08:00:00+01:00,12.5,12.5,12.5,12.5,50.0
2025-12-02 09:00:00+01:00,12.5,12.5,12.5,12.5,50.0
2025-12-02 10:00:00+01:00,12.5,12.5,12.5,12.5,50.0
2025-12-02 11:00:00+01:00,12.5,12.5,12.5,12.5,50.0
2025-12-02 12:00:00+01:00,12.5,12.5,12.5,12.5,50.0
2025-12-02 13:00:00+01:00,12.5,12.5,12.5,12.5,50.0
2025-12-02 14:00:00+01:00,12.5,12.5,12.5,12.5,50.0
2025-12-02 15:00:00+01:00,12.5,12.5,12.5,12.5,50.0
2025-12-02 16:00:00+01:00,12.5,12.5,12.5,12.5,50.0
2025-12-02 17:00:00+01:00,12.5,12.5,12.5,12.5,50.0
2025-12-02 18:00:00+01:00,12.5,12.5,12.5,12.5,50.0
2025-12-02 19:00:00+01:00,12.5,12.5,12.5,12.5,50.0
2025-12-02 20:00:00+01:00,12.5,12.5,12.5,12.5,50.0
2025-12-02 21:00:00+01:00,12.5,12.5,12.5,12.5,50.0
2025-12-02 22:00:00+01:00,12.5,12.5,12.5,12.5,50.0
2025-12-02 23:00:00+01:00,12.5,12.5,12.5,12.5,50.0
